time,A_hex,B_hex,result_expected_hex,overflow_expected
10,8DB32E22C939D0CD,303CDEF3F62C1CC8,5D764F2ED30DB405,1
20,7A956A5FD42E8404,18A9445FDEEC5B48,61EC25FFF54228BC,0
30,94FC6250BCEFDC65,BD3F4BE54EF1F65C,D7BD166B6DFDE609,0
40,B897C0FA6395EA92,F489E4CCAD21F9DE,C40DDC2DB673F0B4,0
50,F9B69E5C8F7D70B9,C3C679CC82EF4C99,35F024900C8E2420,0
60,D664F221E78D29C4,401929989F34E5DB,964BC889485843E9,0
70,AFD631422B95CEE6,1154D14393C840A1,9E815FFE97CD8E45,0
80,1A28450041EB2CBF,2BCD98B9E356172F,EE5AAC465E951590,0
90,0C6FFA38AD76EA9B,7E8CA19A7158A9FC,8DE3589E3C1E409F,0
100,534AAD2D40A931B4,5629455D34FD7E42,FD2167D00BABB372,0
110,D29577944E133120,48FBC191266B97D1,8999B60327A7994F,0
120,EFA9B478A473EDF1,5AE16009FC318D30,94C8546EA84260C1,0
130,6E3312B93CF01FA7,2C3CC9C8446DF1DB,41F648F0F8822DCC,0
140,90B0BB444D5689EC,5E532D6CCCA43F21,325D8DD780B24ACB,1
150,60970B92562F1B31,019BA3F18DE95FEC,5EFB67A0C845BB45,0
160,131E93E79620A2CE,D01D50434E1BD158,430143A44804D176,0
170,C95C23391FBE461D,6F25EEBECB03BFEB,5A36347A54BA8632,1
180,A90FFC91FA1FA4F3,695A59BCBE5F1C56,3FB5A2D53BC0889D,1
190,6F9DD37331F2A04A,25C7897A62DA4D49,49D649F8CF185301,0
200,0F4E708DA7687897,C9CBE0DBD44659F9,45828FB1D3221E9E,0
210,6CAE0FF166E51B9E,F3456BA67AD9E014,7968A44AEC0B3B8A,0
220,8CB70D5764C8DE80,C1FE99096E829ED4,CAB8744DF6463FAC,0
230,FD97204DE7715FEE,06C28DFC07743C22,F6D49251DFFD23CC,0
240,45C0E98F0F27C5E9,2A13FAD4AB9AB086,1BACEEBA638D1563,0
250,ECC9D1A64B5A83F1,3B2081F22C91CEDA,B1A94FB41EC8B517,0
260,007010CBBE70D404,E6A8F298AB0495F7,19C71E33136C3E0D,0
270,265E32B2CE4C922A,FBE2BF8A8962BF34,2A7B732844E9D2F6,0
280,9F9F2AFDCD3864B0,D52374AF7CBA6055,CA7BB64E507E045B,0
290,B9625321499517D4,9ECA8395BE24086C,1A97CF8B8B710F68,0
300,FEB75CD52693451B,63BE5534A7E10E6B,9AF907A07EB236B0,0
310,A98777C1F17B6308,70B25152BFF40F54,38D5266F318753B4,1
320,9633844B7757E832,69DD675AFF01D410,2C561CF078561422,1
330,1306C1BD22381263,B1C622D823D533D5,61409EE4FE62DE8E,0
340,37D71600CA86B4DB,5F454FD573C5044A,D891C62B56C1B091,0
350,2C1977FF54FE684B,885345E7E0F6BC4C,A3C632177407ABFF,1
360,E4E8F8D34EC304E2,33D25982B5554B0C,B1169F50996DB9D6,0
370,BA98DA6E196FBCB2,22702633D9F3545B,9828B43A3F7C6857,0
380,6346743CF70B27C0,440402F2D1D8FE60,1F42714A25322960,0
390,58729B42BA33E80B,D06E595F32CDF7A9,880441E38765F062,1
400,65D0E6AF4EF78493,2CA369BB1B3901B6,392D7CF433BE82DD,0
410,E9AD769599C84519,C337CEA2FB19CA80,2675A7F29EAE7A99,0
420,956EEBC6DB48835C,8E1B450AC9C53A69,0753A6BC118348F3,0
430,20AED414BA5FD8DC,55ACF404E42F7ACA,CB01E00FD6305E12,0
440,CE17406E4CCB7A66,A90ADA52AF2F566B,250C661B9D9C23FB,0
450,60AA682B406DEE6C,3D8780F6F4639E13,2322E7344C0A5059,0
460,8D2535F8F10C42D1,08E9FF7E02E8C95C,843B367AEE237975,0
470,88A98A008F84B14C,910DE7F871521852,F79BA2081E3298FA,0
480,2CE1A1C226599ADF,A23D3833A872CF2F,8AA4698E7DE6CBB0,1
490,F04B36613A3BC067,3E8E55D23045459A,B1BCE08F09F67ACD,0
500,34A9302BF2EF0360,66C43B2075C20B49,CDE4F50B7D2CF817,0
510,62A237C98994C2AA,836D78EF2DAD2F17,DF34BEDA5BE79393,1
520,F126D7DB985574C6,B1BB9FFBBADA1B87,3F6B37DFDD7B593F,0
530,37F6C208B7610F1F,5CCA0F572B6CB3C8,DB2CB2B18BF45B57,0
540,AFAC65FCE7E2D56F,725B09C72906EF02,3D515C35BEDBE66D,1
550,EB75FC97ACE6456A,46840103B48DB865,A4F1FB93F8588D05,0
560,28DB5E1087EFADDA,7B2E9518A7CF52FB,ADACC8F7E0205ADF,0
570,8FAB283BA1147B0C,40A0C1BBC633C25A,4F0A667FDAE0B8B2,1
580,9A8BA0CE6E9B8CB0,55218AA37EBACABA,456A162AEFE0C1F6,1
590,297B19C926547A60,3AF6EBC2823CC2E4,EE842E06A417B77C,0
600,1E4D847B908D384F,E1EEDFC58E4A9EBF,3C5EA4B602429990,0
610,96803A616A66053D,68F79115C7ED5A8B,2D88A94BA278AAB2,1
620,524C6A0D21276BED,715FA9B59A3FCCA5,E0ECC05786E79F48,0
630,A712DC7D9FF9CFC2,2917178100F08421,7DFBC4FC9F094BA1,1
640,BC145A1C5A63367A,26CD13C2FD94A4B4,954746595CCE91C6,0
650,44452FAE652FC1F6,46BF553C2C4E22D1,FD85DA7238E19F25,0
660,F05F6707D758739F,9766A5FB552F2BB3,58F8C10C822947EC,0
670,0F4F52A082C89A89,63268D609FE68D1B,AC28C53FE2E20D6E,0
680,C36D27BAF7BBD0CD,8741A762CAF086A5,3C2B80582CCB4A28,0
690,C7E52D148904D6E4,ADD79E4630A343DD,1A0D8ECE58619307,0
700,EFF14A6447F76C00,443BA277B5B44338,ABB5A7EC924328C8,0
710,F228BB209F040008,0D3A255F2E164AA3,E4EE95C170EDB565,0
720,2BB264594C3D202D,83D42EBBFB54BF44,A7DE359D50E860E9,1
730,A6B64EA3212C5683,197701E115FCEB2B,8D3F4CC20B2F6B58,0
740,0F8D00847D551E9F,2BEEDA1B5FBA4F7B,E39E26691D9ACF24,0
750,114AF38AAE25E33C,9609A958785A126F,7B414A3235CBD0CD,0
760,9FB9E65B2AAE9679,4A3462E2115E2B1E,5585837919506B5B,1
770,B801FD1422581A35,5B7FD0DD8903BF39,5C822C3699545AFC,1
780,55CB0FA0203ED5DF,04E453380F684E6A,50E6BC6810D68775,0
790,6996F63ABE6A9AA4,F72B617BB4FCDFEB,726B94BF096DBAB9,0
800,1879CF79D57FCEED,94F4174354209954,8385B836815F3599,1
810,9431B347B0E69A1F,6AF600E856598049,293BB25F5A8D19D6,1
820,619192B8D3F244E8,E92E9D22FB43FBC7,7862F595D8AE4921,0
830,3F371EFA1877966A,B333B02FBF42C09A,8C036ECA5934D5D0,1
840,79F3F8D27927DF72,3E6BA38990208AF2,3B885548E9075480,0
850,48141AF2571F451A,25EC3F9B25E1B1EB,2227DB57313D932F,0
860,0F909813C94DB5E8,6E9BF7993808788A,A0F4A07A91453D5E,0
870,7A7DF7C139C5D8FC,889BA3DB5E4F721A,F1E253E5DB7666E2,1
880,3C7F4025459D41D1,C207D8B9E4976A76,7A77676B6105D75B,0
890,9602EF1CCF8A49D0,07D4416FD15D4E59,8E2EADACFE2CFB77,0
900,44EECEB58E8E734C,AD4F9D2302962457,979F31928BF84EF5,1
910,1F0044EFD8C08116,A37AEC191C2BABC9,7B8558D6BC94D54D,0
920,3B36C9DF8EE73EF1,2734DB69EF8144D9,1401EE759F65FA18,0
930,054DB010A514A408,D811899A261D8361,2D3C26767EF720A7,0
940,C0869610D930C134,CC919298AED8E8C2,F3F503782A57D872,0
950,678830B7DB0C4A15,5F15DC4EB0F1FBD2,087254692A1A4E43,0
960,52A60D324F42A242,60A6E0C521A22E56,F1FF2C6D2DA073EC,0
970,6B08D5819633D13F,72E627C4FF0D3575,F822ADBC97269BCA,0
980,AA96AABDC98598C1,2FBD3F575DF3472C,7AD96B666B925195,1
990,CAE3E9ED9EA83392,DCF8A213C5B7BE27,EDEB47D9D8F0756B,0
1000,4A44FA595639AF87,F997F976D8ACEFB1,50AD00E27D8CBFD6,0
