time,clk,rst_n,i_en,adda,addb,result,o_en
5,0,1,1,1D97795DBD8A0C6D,FAB10AA7C6926ED8,118488405841C7B45,1
15,0,1,1,0DADC9133A549C4B,A753A4AF68125EA4,0B5016DC2A266FAEF,1
25,0,1,1,F63FFE8F15ECAF7F,CDA56A7AE3E23496,1C3E56909F9CEE415,1
35,0,1,1,89CF7A9D5CD736DB,60D2F2B05C64CCE5,0EAA26D4DB93C03C0,1
45,0,1,1,D6832067FA3C09DE,43CC1C963A718C06,11A4F3CFE34AD95E4,1
55,0,1,1,BF2C4FF0075B5533,F4DD8902FEA970ED,1B409D8F30604C620,1
65,0,1,1,C066547C1F7F1DC5,842514E75B7E9D60,1448B69637AFDBB25,1
75,0,1,1,90B88F1021CAD6D3,3324E6675AC4D4CD,0C3DD75777C8FABA0,1
85,0,1,1,DF05B00BA5B70E97,01C572FD46E17C2D,0E0CB2308EC988AC4,1
95,0,1,1,6CDDE7F9DB7415FA,FE867139138606E5,16B645932EEFA1CDF,1
105,0,1,1,A06A33195A4B54B6,D86C26FDCC2D03BF,178D65A1726785875,1
115,0,1,1,3876EF634B4848C9,1873E818DB18152B,050EAD77C26605DF4,1
125,0,1,1,10A3758A7F53D380,2C3168638AE2D0D1,03CD4DDEE0A36A451,1
135,0,1,1,E323AC0E2DA6115D,A944B42274627AEE,18C686030A2088C4B,1
145,0,1,1,B827481564C58BE3,68BDED6EF8A54B0A,120E535845D6AD6ED,1
155,0,1,1,D7DBF466352495AE,6BE98B5B626DD128,143C57FC1979266D6,1
165,0,1,1,8B7CCD6B6725C767,B7B5DBF0BD5499FF,14332A95C247A6166,1
175,0,1,1,A7FE1AA0B23E991E,0D828975B78C19B3,0B580A41669CAB2D1,1
185,0,1,1,BD057377C2A69241,7DA634272A3714C3,13AABA79EECDDA704,1
195,0,1,1,32C45C0CFA59F8CB,50EBBAA8DFD8829C,083B016B5DA327B67,1
205,0,1,1,087136313B61D470,4C4A9D990EA6E012,054BBD3CA4A08B482,1
215,0,1,1,A5F69B65C42FCDBB,4FC64FA968F06A1B,0F5BCEB0F2D2037D6,1
225,0,1,1,82AEE67D7599BB3D,6BD70409985B1908,0EE85EA870DF4D445,1
235,0,1,1,4553EFC7E8BD325E,F16B51A8FB3E059A,136BF4170E3FB37F8,1
245,0,1,1,C7D4CE90DABF6B99,10AF3064CD9D14CD,0D883FEF5A85C8066,1
255,0,1,1,73763043336C2693,69C073A4DC148BF0,0DD36A3E80F80B283,1
265,0,1,1,82B75456570E4B29,3E391AD340930A27,0C0F06F2997A15550,1
275,0,1,1,A8A31D389828BF4D,98725E934BEC384D,141157BCBE414F79A,1
285,0,1,1,78A6B4430BA3E066,21D4A435598089CB,09A7B587865246A31,1
295,0,1,1,13F8E3D7D86015B1,B3D960FB1D96FBCC,0C7D244D2F5F7117D,1
305,0,1,1,DCF3098BF31C373E,679D47D0472321F7,14490515C3A3F5935,1
315,0,1,1,27BD0697DD61C965,ED0B753A33F4E34A,114C87BD21156ACAF,1
325,0,1,1,6D0EE84E404D990E,CB3755A51A2730DF,138463DF35A74C9ED,1
335,0,1,1,6FF3E157588DB48E,323CC74AE583E5FC,0A230A8A23E119A8A,1
345,0,1,1,7B852886B0E4192C,8AF028AB518BF24D,10675513202700B79,1
355,0,1,1,6599BD2148F23BFF,B1B0A6C3067B0221,1174A63E44F6D3E20,1
365,0,1,1,4BEB79126A8726AB,9D5600D5259554CD,0E94179E7901C7B78,1
375,0,1,1,CCFAEBAF070C9916,78E3ACF2476C5F5B,145DE98A14E78F871,1
385,0,1,1,C2ECA0CF5FD27428,8ABE42EC23991B42,14DAAE3BB836B8F6A,1
395,0,1,1,EEA8F1B0C3950936,AB75B0FCA1E45FAE,19A1EA2AD657968E4,1
